------------------------------------------------------------------------------------------------------------------
-- Archivo creado  - jueves-diciembre-01-2016   and Update - Jueves-Octubre-10-2017 - tuesday-november-20-2018
------------------------------------------------------------------------------------------------------------------
DROP TABLE "PE"."COMMENT" cascade constraints;
DROP TABLE "PE"."DESCRIPTION" cascade constraints;
DROP TABLE "PE"."EMPLOYEE" cascade constraints;
DROP TABLE "PE"."HOLIDAYS" cascade constraints;
DROP TABLE "PE"."LATENESS" cascade constraints;
DROP TABLE "PE"."LM_SKILL" cascade constraints;
DROP TABLE "PE"."LOCATION" cascade constraints;
DROP TABLE "PE"."PE" cascade constraints;
DROP TABLE "PE"."PERIOD" cascade constraints;
DROP TABLE "PE"."PROFILE" cascade constraints;
DROP TABLE "PE"."SCORE" cascade constraints;
DROP TABLE "PE"."SKILL" cascade constraints;
DROP TABLE "PE"."STATUS" cascade constraints;
DROP TABLE "PE"."SUBTITLE" cascade constraints;
DROP TABLE "PE"."TITLE" cascade constraints;
DROP TABLE "PE"."VACATION_HEADER_REQ" cascade constraints;
DROP TABLE "PE"."VACATION_REQ_STATUS" cascade constraints;
DROP TABLE "PE"."VACATION_SUBREQ" cascade constraints;


DROP SEQUENCE "PE"."SEQCOMMENT";
DROP SEQUENCE "PE"."SEQDESCRIPTION";
DROP SEQUENCE "PE"."SEQEMPLOYEE";
DROP SEQUENCE "PE"."SEQHOLIDAYS";
DROP SEQUENCE "PE"."SEQLATENESS";
DROP SEQUENCE "PE"."SEQLMSKILL";
DROP SEQUENCE "PE"."SEQPE";
DROP SEQUENCE "PE"."SEQPROFILE";
DROP SEQUENCE "PE"."SEQSCORE";
DROP SEQUENCE "PE"."SEQSKILL";
DROP SEQUENCE "PE"."SEQSTATUS";
DROP SEQUENCE "PE"."SEQSUBTITLE";
DROP SEQUENCE "PE"."SEQTITLE";
DROP SEQUENCE "PE"."SEQVAC_HEAD_REQ";
DROP SEQUENCE "PE"."SEQVAC_REQ_STATUS";
DROP SEQUENCE "PE"."SEQVAC_SUBREQ";


DROP SYNONYM "PE"."CATALOG";
DROP SYNONYM "PE"."COL";
DROP SYNONYM "PE"."PUBLICSYN";
DROP SYNONYM "PE"."SYSCATALOG";
DROP SYNONYM "PE"."SYSFILES";
DROP SYNONYM "PE"."TAB";
DROP SYNONYM "PE"."TABQUOTAS";
DROP SYNONYM "PUBLIC"."DUAL";


--------------------------------------------------------
--  DDL for Sequence SEQCOMMENT
--------------------------------------------------------

   CREATE SEQUENCE  "PE"."SEQCOMMENT"  MINVALUE 1 MAXVALUE 9999999999999999999999999999 INCREMENT BY 1 START WITH 1 CACHE 20 ORDER  NOCYCLE ;
--------------------------------------------------------
--  DDL for Sequence SEQDESCRIPTION
--------------------------------------------------------

   CREATE SEQUENCE  "PE"."SEQDESCRIPTION"  MINVALUE 1 MAXVALUE 37 INCREMENT BY 1 START WITH 38 CACHE 20 ORDER  CYCLE ;
--------------------------------------------------------
--  DDL for Sequence SEQEMPLOYEE
--------------------------------------------------------

   CREATE SEQUENCE  "PE"."SEQEMPLOYEE"  MINVALUE 1 MAXVALUE 9999999999999999999999999999 INCREMENT BY 1 START WITH 161 CACHE 20 ORDER  NOCYCLE ;
--------------------------------------------------------
--  DDL for Sequence SEQHOLIDAYS
--------------------------------------------------------

   CREATE SEQUENCE  "PE"."SEQHOLIDAYS"  MINVALUE 1 MAXVALUE 99999999999999999 INCREMENT BY 1 START WITH 1 CACHE 20 ORDER  NOCYCLE ;
--------------------------------------------------------
--  DDL for Sequence SEQLATENESS
--------------------------------------------------------

   CREATE SEQUENCE  "PE"."SEQLATENESS"  MINVALUE 1 MAXVALUE 9999999999999999999999999999 INCREMENT BY 1 START WITH 1 CACHE 20 NOORDER  NOCYCLE ;
--------------------------------------------------------
--  DDL for Sequence SEQLMSKILL
--------------------------------------------------------

   CREATE SEQUENCE  "PE"."SEQLMSKILL"  MINVALUE 1 MAXVALUE 9999999999999999999999999999 INCREMENT BY 1 START WITH 1 CACHE 20 ORDER  NOCYCLE ;
--------------------------------------------------------
--  DDL for Sequence SEQPE
--------------------------------------------------------

   CREATE SEQUENCE  "PE"."SEQPE"  MINVALUE 1 MAXVALUE 9999999999999999999999999999 INCREMENT BY 1 START WITH 1 CACHE 20 ORDER  NOCYCLE ;
--------------------------------------------------------
--  DDL for Sequence SEQPROFILE
--------------------------------------------------------

   CREATE SEQUENCE  "PE"."SEQPROFILE"  MINVALUE 1 MAXVALUE 9999999999999999999999999999 INCREMENT BY 1 START WITH 21 CACHE 20 ORDER  NOCYCLE ;
--------------------------------------------------------
--  DDL for Sequence SEQSCORE
--------------------------------------------------------

   CREATE SEQUENCE  "PE"."SEQSCORE"  MINVALUE 1 MAXVALUE 9999999999999999999999999999 INCREMENT BY 1 START WITH 1 CACHE 20 ORDER  NOCYCLE ;
--------------------------------------------------------
--  DDL for Sequence SEQSKILL
--------------------------------------------------------

   CREATE SEQUENCE  "PE"."SEQSKILL"  MINVALUE 1 MAXVALUE 18 INCREMENT BY 1 START WITH 18 CACHE 17 ORDER  CYCLE ;
--------------------------------------------------------
--  DDL for Sequence SEQSTATUS
--------------------------------------------------------

   CREATE SEQUENCE  "PE"."SEQSTATUS"  MINVALUE 1 MAXVALUE 9999999999999999999999999999 INCREMENT BY 1 START WITH 41 CACHE 20 ORDER  NOCYCLE ;
--------------------------------------------------------
--  DDL for Sequence SEQSUBTITLE
--------------------------------------------------------

   CREATE SEQUENCE  "PE"."SEQSUBTITLE"  MINVALUE 1 MAXVALUE 7 INCREMENT BY 1 START WITH 7 CACHE 6 ORDER  CYCLE ;
--------------------------------------------------------
--  DDL for Sequence SEQTITLE
--------------------------------------------------------

   CREATE SEQUENCE  "PE"."SEQTITLE"  MINVALUE 1 MAXVALUE 3 INCREMENT BY 1 START WITH 3 CACHE 2 ORDER  CYCLE ;
--------------------------------------------------------
--  DDL for Sequence SEQVAC_HEAD_REQ
--------------------------------------------------------

   CREATE SEQUENCE  "PE"."SEQVAC_HEAD_REQ"  MINVALUE 1 MAXVALUE 999999999999999999999999999 INCREMENT BY 1 START WITH 141 CACHE 20 ORDER  NOCYCLE ;
--------------------------------------------------------
--  DDL for Sequence SEQVAC_REQ_STATUS
--------------------------------------------------------

   CREATE SEQUENCE  "PE"."SEQVAC_REQ_STATUS"  MINVALUE 1 MAXVALUE 999999999999999999 INCREMENT BY 1 START WITH 1 CACHE 20 ORDER  NOCYCLE ;
--------------------------------------------------------
--  DDL for Sequence SEQVAC_SUBREQ
--------------------------------------------------------

   CREATE SEQUENCE  "PE"."SEQVAC_SUBREQ"  MINVALUE 1 MAXVALUE 99999999999999999999999 INCREMENT BY 1 START WITH 121 CACHE 20 ORDER  NOCYCLE ;
--------------------------------------------------------
--  DDL for Table COMMENT
--------------------------------------------------------

  CREATE TABLE "PE"."COMMENT" 
   (	"ID_COMMENT" NUMBER, 
	"ID_PE" NUMBER, 
	"TRAINNING_EMPLOYEE" VARCHAR2(500 CHAR), 
	"TRAINNING_EVALUATOR" VARCHAR2(500 CHAR), 
	"ACKNOWLEDGE_EVALUATOR" VARCHAR2(500 CHAR), 
	"comm/recomm_employee" VARCHAR2(500 CHAR), 
	"comm/recomm_evaluator" VARCHAR2(500 CHAR)
   ) SEGMENT CREATION IMMEDIATE 
  PCTFREE 10 PCTUSED 40 INITRANS 1 MAXTRANS 255 NOCOMPRESS LOGGING
  STORAGE(INITIAL 65536 NEXT 1048576 MINEXTENTS 1 MAXEXTENTS 2147483645
  PCTINCREASE 0 FREELISTS 1 FREELIST GROUPS 1 BUFFER_POOL DEFAULT FLASH_CACHE DEFAULT CELL_FLASH_CACHE DEFAULT)
  TABLESPACE "SYSTEM" ;
--------------------------------------------------------
--  DDL for Table DESCRIPTION
--------------------------------------------------------

  CREATE TABLE "PE"."DESCRIPTION" 
   (	"ID_DESCRIPTION" NUMBER, 
	"DESCRIPTION" VARCHAR2(200 CHAR), 
	"ID_SUBTITLE" NUMBER
   ) SEGMENT CREATION IMMEDIATE 
  PCTFREE 10 PCTUSED 40 INITRANS 1 MAXTRANS 255 NOCOMPRESS LOGGING
  STORAGE(INITIAL 65536 NEXT 1048576 MINEXTENTS 1 MAXEXTENTS 2147483645
  PCTINCREASE 0 FREELISTS 1 FREELIST GROUPS 1 BUFFER_POOL DEFAULT FLASH_CACHE DEFAULT CELL_FLASH_CACHE DEFAULT)
  TABLESPACE "SYSTEM" ;
--------------------------------------------------------
--  DDL for Table EMPLOYEE
--------------------------------------------------------

  CREATE TABLE "PE"."EMPLOYEE" 
   (	"ID_EMPLOYEE" NUMBER, 
	"FIRST_NAME" VARCHAR2(50 CHAR), 
	"LAST_NAME" VARCHAR2(50 CHAR), 
	"EMAIL" VARCHAR2(50 CHAR), 
	"CUSTOMER" VARCHAR2(100 CHAR), 
	"POSITION" VARCHAR2(100 CHAR), 
	"ID_PROFILE" NUMBER, 
	"ID_MANAGER" NUMBER, 
	"HIRE_DATE" DATE, 
	"END_DATE" DATE, 
	"PROJECT" VARCHAR2(100 BYTE), 
	"ID_LOCATION" NUMBER(3,0), 
	"FREE_DAYS" NUMBER(3,0) DEFAULT 0, 
	"REMINDED_DATE" VARCHAR2(30 BYTE)
   ) SEGMENT CREATION IMMEDIATE 
  PCTFREE 10 PCTUSED 40 INITRANS 1 MAXTRANS 255 NOCOMPRESS LOGGING
  STORAGE(INITIAL 65536 NEXT 1048576 MINEXTENTS 1 MAXEXTENTS 2147483645
  PCTINCREASE 0 FREELISTS 1 FREELIST GROUPS 1 BUFFER_POOL DEFAULT FLASH_CACHE DEFAULT CELL_FLASH_CACHE DEFAULT)
  TABLESPACE "SYSTEM" ;
--------------------------------------------------------
--  DDL for Table HOLIDAYS
--------------------------------------------------------

  CREATE TABLE "PE"."HOLIDAYS" 
   (	"ID_HOLIDAY" NUMBER(4,0), 
	"HOLIDAY_DAY" DATE, 
	"DESCRIPTION" VARCHAR2(100 CHAR)
   ) SEGMENT CREATION IMMEDIATE 
  PCTFREE 10 PCTUSED 40 INITRANS 1 MAXTRANS 255 NOCOMPRESS LOGGING
  STORAGE(INITIAL 65536 NEXT 1048576 MINEXTENTS 1 MAXEXTENTS 2147483645
  PCTINCREASE 0 FREELISTS 1 FREELIST GROUPS 1 BUFFER_POOL DEFAULT FLASH_CACHE DEFAULT CELL_FLASH_CACHE DEFAULT)
  TABLESPACE "SYSTEM" ;
--------------------------------------------------------
--  DDL for Table LATENESS
--------------------------------------------------------

  CREATE TABLE "PE"."LATENESS" 
   (	"ID_LATENESS" NUMBER(*,0), 
	"DATE" TIMESTAMP (6), 
	"ID_EMPLOYEE" NUMBER(*,0)
   ) SEGMENT CREATION IMMEDIATE 
  PCTFREE 10 PCTUSED 40 INITRANS 1 MAXTRANS 255 NOCOMPRESS LOGGING
  STORAGE(INITIAL 65536 NEXT 1048576 MINEXTENTS 1 MAXEXTENTS 2147483645
  PCTINCREASE 0 FREELISTS 1 FREELIST GROUPS 1 BUFFER_POOL DEFAULT FLASH_CACHE DEFAULT CELL_FLASH_CACHE DEFAULT)
  TABLESPACE "SYSTEM" ;
--------------------------------------------------------
--  DDL for Table LM_SKILL
--------------------------------------------------------

  CREATE TABLE "PE"."LM_SKILL" 
   (	"ID_LMSKILL" NUMBER, 
	"ID_SKILL" NUMBER, 
	"ID_PE" NUMBER, 
	"CHECK_EMPLOYEE" CHAR(1 BYTE), 
	"CHECK_EVALUATOR" CHAR(1 BYTE)
   ) SEGMENT CREATION IMMEDIATE 
  PCTFREE 10 PCTUSED 40 INITRANS 1 MAXTRANS 255 NOCOMPRESS LOGGING
  STORAGE(INITIAL 65536 NEXT 1048576 MINEXTENTS 1 MAXEXTENTS 2147483645
  PCTINCREASE 0 FREELISTS 1 FREELIST GROUPS 1 BUFFER_POOL DEFAULT FLASH_CACHE DEFAULT CELL_FLASH_CACHE DEFAULT)
  TABLESPACE "SYSTEM" ;
--------------------------------------------------------
--  DDL for Table LOCATION
--------------------------------------------------------

  CREATE TABLE "PE"."LOCATION" 
   (	"ID_LOCATION" NUMBER(3,0), 
	"NAME" VARCHAR2(25 BYTE)
   ) SEGMENT CREATION IMMEDIATE 
  PCTFREE 10 PCTUSED 40 INITRANS 1 MAXTRANS 255 NOCOMPRESS LOGGING
  STORAGE(INITIAL 65536 NEXT 1048576 MINEXTENTS 1 MAXEXTENTS 2147483645
  PCTINCREASE 0 FREELISTS 1 FREELIST GROUPS 1 BUFFER_POOL DEFAULT FLASH_CACHE DEFAULT CELL_FLASH_CACHE DEFAULT)
  TABLESPACE "SYSTEM" ;
--------------------------------------------------------
--  DDL for Table PE
--------------------------------------------------------

  CREATE TABLE "PE"."PE" 
   (	"ID_PE" NUMBER, 
	"EVALUATION_PERIOD" DATE, 
	"ID_EMPLOYEE" NUMBER, 
	"ID_EVALUATOR" NUMBER, 
	"ID_STATUS" NUMBER, 
	"TOTAL" NUMBER, 
	"ENGLISH_SCORE" NUMBER, 
	"PERFORMANCE_SCORE" NUMBER, 
	"COMPETENCE_SCORE" NUMBER, 
	"RANK" NUMBER, 
	"EVALUATION_YEAR" NUMBER, 
	"ID_PERIOD" NUMBER
   ) SEGMENT CREATION IMMEDIATE 
  PCTFREE 10 PCTUSED 40 INITRANS 1 MAXTRANS 255 NOCOMPRESS LOGGING
  STORAGE(INITIAL 65536 NEXT 1048576 MINEXTENTS 1 MAXEXTENTS 2147483645
  PCTINCREASE 0 FREELISTS 1 FREELIST GROUPS 1 BUFFER_POOL DEFAULT FLASH_CACHE DEFAULT CELL_FLASH_CACHE DEFAULT)
  TABLESPACE "SYSTEM" ;
--------------------------------------------------------
--  DDL for Table PERIOD
--------------------------------------------------------

  CREATE TABLE "PE"."PERIOD" 
   (	"ID_PERIOD" NUMBER, 
	"NAME" VARCHAR2(30 CHAR)
   ) SEGMENT CREATION IMMEDIATE 
  PCTFREE 10 PCTUSED 40 INITRANS 1 MAXTRANS 255 NOCOMPRESS LOGGING
  STORAGE(INITIAL 65536 NEXT 1048576 MINEXTENTS 1 MAXEXTENTS 2147483645
  PCTINCREASE 0 FREELISTS 1 FREELIST GROUPS 1 BUFFER_POOL DEFAULT FLASH_CACHE DEFAULT CELL_FLASH_CACHE DEFAULT)
  TABLESPACE "SYSTEM" ;
--------------------------------------------------------
--  DDL for Table PROFILE
--------------------------------------------------------

  CREATE TABLE "PE"."PROFILE" 
   (	"ID_PROFILE" NUMBER, 
	"PROFILE" VARCHAR2(10 CHAR)
   ) SEGMENT CREATION IMMEDIATE 
  PCTFREE 10 PCTUSED 40 INITRANS 1 MAXTRANS 255 NOCOMPRESS LOGGING
  STORAGE(INITIAL 65536 NEXT 1048576 MINEXTENTS 1 MAXEXTENTS 2147483645
  PCTINCREASE 0 FREELISTS 1 FREELIST GROUPS 1 BUFFER_POOL DEFAULT FLASH_CACHE DEFAULT CELL_FLASH_CACHE DEFAULT)
  TABLESPACE "SYSTEM" ;
--------------------------------------------------------
--  DDL for Table SCORE
--------------------------------------------------------

  CREATE TABLE "PE"."SCORE" 
   (	"ID_SCORE" NUMBER, 
	"ID_DESCRIPTION" NUMBER, 
	"ID_PE" NUMBER, 
	"SCORE_EMPLOYEE" NUMBER, 
	"SCORE_EVALUATOR" NUMBER, 
	"COMMENTS" VARCHAR2(150 CHAR), 
	"CALCULATION" NUMBER
   ) SEGMENT CREATION IMMEDIATE 
  PCTFREE 10 PCTUSED 40 INITRANS 1 MAXTRANS 255 NOCOMPRESS LOGGING
  STORAGE(INITIAL 65536 NEXT 1048576 MINEXTENTS 1 MAXEXTENTS 2147483645
  PCTINCREASE 0 FREELISTS 1 FREELIST GROUPS 1 BUFFER_POOL DEFAULT FLASH_CACHE DEFAULT CELL_FLASH_CACHE DEFAULT)
  TABLESPACE "SYSTEM" ;
--------------------------------------------------------
--  DDL for Table SKILL
--------------------------------------------------------

  CREATE TABLE "PE"."SKILL" 
   (	"ID_SKILL" NUMBER, 
	"SKILL" VARCHAR2(100 CHAR)
   ) SEGMENT CREATION IMMEDIATE 
  PCTFREE 10 PCTUSED 40 INITRANS 1 MAXTRANS 255 NOCOMPRESS LOGGING
  STORAGE(INITIAL 65536 NEXT 1048576 MINEXTENTS 1 MAXEXTENTS 2147483645
  PCTINCREASE 0 FREELISTS 1 FREELIST GROUPS 1 BUFFER_POOL DEFAULT FLASH_CACHE DEFAULT CELL_FLASH_CACHE DEFAULT)
  TABLESPACE "SYSTEM" ;
--------------------------------------------------------
--  DDL for Table STATUS
--------------------------------------------------------

  CREATE TABLE "PE"."STATUS" 
   (	"ID_STATUS" NUMBER, 
	"STATUS" VARCHAR2(20 CHAR)
   ) SEGMENT CREATION IMMEDIATE 
  PCTFREE 10 PCTUSED 40 INITRANS 1 MAXTRANS 255 NOCOMPRESS LOGGING
  STORAGE(INITIAL 65536 NEXT 1048576 MINEXTENTS 1 MAXEXTENTS 2147483645
  PCTINCREASE 0 FREELISTS 1 FREELIST GROUPS 1 BUFFER_POOL DEFAULT FLASH_CACHE DEFAULT CELL_FLASH_CACHE DEFAULT)
  TABLESPACE "SYSTEM" ;
--------------------------------------------------------
--  DDL for Table SUBTITLE
--------------------------------------------------------

  CREATE TABLE "PE"."SUBTITLE" 
   (	"ID_SUBTITLE" NUMBER, 
	"SUBTITLE" VARCHAR2(130 CHAR), 
	"ID_TITLE" NUMBER
   ) SEGMENT CREATION IMMEDIATE 
  PCTFREE 10 PCTUSED 40 INITRANS 1 MAXTRANS 255 NOCOMPRESS LOGGING
  STORAGE(INITIAL 65536 NEXT 1048576 MINEXTENTS 1 MAXEXTENTS 2147483645
  PCTINCREASE 0 FREELISTS 1 FREELIST GROUPS 1 BUFFER_POOL DEFAULT FLASH_CACHE DEFAULT CELL_FLASH_CACHE DEFAULT)
  TABLESPACE "SYSTEM" ;
--------------------------------------------------------
--  DDL for Table TITLE
--------------------------------------------------------

  CREATE TABLE "PE"."TITLE" 
   (	"ID_TITLE" NUMBER, 
	"TITLE" VARCHAR2(30 CHAR)
   ) SEGMENT CREATION IMMEDIATE 
  PCTFREE 10 PCTUSED 40 INITRANS 1 MAXTRANS 255 NOCOMPRESS LOGGING
  STORAGE(INITIAL 65536 NEXT 1048576 MINEXTENTS 1 MAXEXTENTS 2147483645
  PCTINCREASE 0 FREELISTS 1 FREELIST GROUPS 1 BUFFER_POOL DEFAULT FLASH_CACHE DEFAULT CELL_FLASH_CACHE DEFAULT)
  TABLESPACE "SYSTEM" ;
--------------------------------------------------------
--  DDL for Table VACATION_HEADER_REQ
--------------------------------------------------------

  CREATE TABLE "PE"."VACATION_HEADER_REQ" 
   (	"ID_HEADER_REQ" NUMBER(4,0), 
	"ID_EMPLOYEE" NUMBER(4,0), 
	"TITLE" VARCHAR2(30 BYTE), 
	"NO_VAC_DAYS" NUMBER(2,0), 
	"COMMENTS" VARCHAR2(300 BYTE), 
	"ID_REQ_STATUS" NUMBER(2,0), 
	"REPLAY_COMMENT" VARCHAR2(300 BYTE), 
	"NO_UNPAID_DAYS" NUMBER(2,0)
   ) SEGMENT CREATION IMMEDIATE 
  PCTFREE 10 PCTUSED 40 INITRANS 1 MAXTRANS 255 NOCOMPRESS LOGGING
  STORAGE(INITIAL 65536 NEXT 1048576 MINEXTENTS 1 MAXEXTENTS 2147483645
  PCTINCREASE 0 FREELISTS 1 FREELIST GROUPS 1 BUFFER_POOL DEFAULT FLASH_CACHE DEFAULT CELL_FLASH_CACHE DEFAULT)
  TABLESPACE "SYSTEM" ;
--------------------------------------------------------
--  DDL for Table VACATION_REQ_STATUS
--------------------------------------------------------

  CREATE TABLE "PE"."VACATION_REQ_STATUS" 
   (	"ID_REQ_STATUS" NUMBER(2,0), 
	"REQ_STATUS" VARCHAR2(10 BYTE)
   ) SEGMENT CREATION IMMEDIATE 
  PCTFREE 10 PCTUSED 40 INITRANS 1 MAXTRANS 255 NOCOMPRESS LOGGING
  STORAGE(INITIAL 65536 NEXT 1048576 MINEXTENTS 1 MAXEXTENTS 2147483645
  PCTINCREASE 0 FREELISTS 1 FREELIST GROUPS 1 BUFFER_POOL DEFAULT FLASH_CACHE DEFAULT CELL_FLASH_CACHE DEFAULT)
  TABLESPACE "SYSTEM" ;
--------------------------------------------------------
--  DDL for Table VACATION_SUBREQ
--------------------------------------------------------

  CREATE TABLE "PE"."VACATION_SUBREQ" 
   (	"ID_SUBREQ" NUMBER(4,0), 
	"ID_HEADER_REQ" NUMBER(4,0), 
	"START_DATE" DATE, 
	"END_DATE" DATE, 
	"RETURN_DATE" DATE, 
	"HAVE_PROJECT" VARCHAR2(10 BYTE), 
	"LEAD_NAME" VARCHAR2(30 BYTE), 
	"DATE_CREATED" DATE
   ) SEGMENT CREATION IMMEDIATE 
  PCTFREE 10 PCTUSED 40 INITRANS 1 MAXTRANS 255 NOCOMPRESS LOGGING
  STORAGE(INITIAL 65536 NEXT 1048576 MINEXTENTS 1 MAXEXTENTS 2147483645
  PCTINCREASE 0 FREELISTS 1 FREELIST GROUPS 1 BUFFER_POOL DEFAULT FLASH_CACHE DEFAULT CELL_FLASH_CACHE DEFAULT)
  TABLESPACE "SYSTEM" ;
REM INSERTING into PE."COMMENT"
SET DEFINE OFF;
REM INSERTING into PE.DESCRIPTION
SET DEFINE OFF;
Insert into PE.DESCRIPTION (ID_DESCRIPTION,DESCRIPTION,ID_SUBTITLE) values (1,'1. Accuracy or Precision',1);
Insert into PE.DESCRIPTION (ID_DESCRIPTION,DESCRIPTION,ID_SUBTITLE) values (2,'2. Thoroughness (Content) and Neatness (Presentation)',1);
Insert into PE.DESCRIPTION (ID_DESCRIPTION,DESCRIPTION,ID_SUBTITLE) values (3,'3. Reliability',1);
Insert into PE.DESCRIPTION (ID_DESCRIPTION,DESCRIPTION,ID_SUBTITLE) values (4,'4. Responsiveness to requests for service',1);
Insert into PE.DESCRIPTION (ID_DESCRIPTION,DESCRIPTION,ID_SUBTITLE) values (5,'5. Follow-through/Follow-up',1);
Insert into PE.DESCRIPTION (ID_DESCRIPTION,DESCRIPTION,ID_SUBTITLE) values (6,'6. Judgment/Decision making',1);
Insert into PE.DESCRIPTION (ID_DESCRIPTION,DESCRIPTION,ID_SUBTITLE) values (7,'Subtotal',1);
Insert into PE.DESCRIPTION (ID_DESCRIPTION,DESCRIPTION,ID_SUBTITLE) values (8,'7.Priority Setting',2);
Insert into PE.DESCRIPTION (ID_DESCRIPTION,DESCRIPTION,ID_SUBTITLE) values (9,'8.Amount of work completed',2);
Insert into PE.DESCRIPTION (ID_DESCRIPTION,DESCRIPTION,ID_SUBTITLE) values (10,'9.Work completed on schedule',2);
Insert into PE.DESCRIPTION (ID_DESCRIPTION,DESCRIPTION,ID_SUBTITLE) values (11,'Subtotal',2);
Insert into PE.DESCRIPTION (ID_DESCRIPTION,DESCRIPTION,ID_SUBTITLE) values (12,'Total Performance',2);
Insert into PE.DESCRIPTION (ID_DESCRIPTION,DESCRIPTION,ID_SUBTITLE) values (13,'10. Job Knowledge',3);
Insert into PE.DESCRIPTION (ID_DESCRIPTION,DESCRIPTION,ID_SUBTITLE) values (14,'11. Analyzes Problems',3);
Insert into PE.DESCRIPTION (ID_DESCRIPTION,DESCRIPTION,ID_SUBTITLE) values (15,'12. Flexible / Adaptable',3);
Insert into PE.DESCRIPTION (ID_DESCRIPTION,DESCRIPTION,ID_SUBTITLE) values (16,'13. Planning and Organization',3);
Insert into PE.DESCRIPTION (ID_DESCRIPTION,DESCRIPTION,ID_SUBTITLE) values (17,'14. Competent/proper usage of work tools',3);
Insert into PE.DESCRIPTION (ID_DESCRIPTION,DESCRIPTION,ID_SUBTITLE) values (18,'15. Follows proper procedures, standards and requirements',3);
Insert into PE.DESCRIPTION (ID_DESCRIPTION,DESCRIPTION,ID_SUBTITLE) values (19,'Subtotal',3);
Insert into PE.DESCRIPTION (ID_DESCRIPTION,DESCRIPTION,ID_SUBTITLE) values (20,'16. With Supervisors',4);
Insert into PE.DESCRIPTION (ID_DESCRIPTION,DESCRIPTION,ID_SUBTITLE) values (21,'17. With other team members / across teams',4);
Insert into PE.DESCRIPTION (ID_DESCRIPTION,DESCRIPTION,ID_SUBTITLE) values (22,'18. With client(s)',4);
Insert into PE.DESCRIPTION (ID_DESCRIPTION,DESCRIPTION,ID_SUBTITLE) values (23,'19. Commitment to Team Success',4);
Insert into PE.DESCRIPTION (ID_DESCRIPTION,DESCRIPTION,ID_SUBTITLE) values (24,'Subtotal',4);
Insert into PE.DESCRIPTION (ID_DESCRIPTION,DESCRIPTION,ID_SUBTITLE) values (25,'20. Actively seeks ways to streamline processes',5);
Insert into PE.DESCRIPTION (ID_DESCRIPTION,DESCRIPTION,ID_SUBTITLE) values (26,'21. Open to new ideas and approaches',5);
Insert into PE.DESCRIPTION (ID_DESCRIPTION,DESCRIPTION,ID_SUBTITLE) values (27,'22. Involvement/commitment in activities for work/company improvement',5);
Insert into PE.DESCRIPTION (ID_DESCRIPTION,DESCRIPTION,ID_SUBTITLE) values (28,'23. Challenges Status Quo processes in appropriate ways',5);
Insert into PE.DESCRIPTION (ID_DESCRIPTION,DESCRIPTION,ID_SUBTITLE) values (29,'24. Seeks additional training and development',5);
Insert into PE.DESCRIPTION (ID_DESCRIPTION,DESCRIPTION,ID_SUBTITLE) values (30,'Subtotal',5);
Insert into PE.DESCRIPTION (ID_DESCRIPTION,DESCRIPTION,ID_SUBTITLE) values (31,'Punctuality: Fulfillment of the company''s established schedules for attendance, meetings, etc (within the company and with clients). ',6);
Insert into PE.DESCRIPTION (ID_DESCRIPTION,DESCRIPTION,ID_SUBTITLE) values (32,'Policies Compliance: (non-disclosure, dress code )',6);
Insert into PE.DESCRIPTION (ID_DESCRIPTION,DESCRIPTION,ID_SUBTITLE) values (33,'Values: Acts according to the company values ',6);
Insert into PE.DESCRIPTION (ID_DESCRIPTION,DESCRIPTION,ID_SUBTITLE) values (34,'Subtotal',6);
Insert into PE.DESCRIPTION (ID_DESCRIPTION,DESCRIPTION,ID_SUBTITLE) values (35,'ENGLISH EVALUATION result',6);
Insert into PE.DESCRIPTION (ID_DESCRIPTION,DESCRIPTION,ID_SUBTITLE) values (36,'Total  Competences',6);
REM INSERTING into PE.EMPLOYEE
SET DEFINE OFF;
Insert into PE.EMPLOYEE (ID_EMPLOYEE,FIRST_NAME,LAST_NAME,EMAIL,CUSTOMER,POSITION,ID_PROFILE,ID_MANAGER,HIRE_DATE,END_DATE,PROJECT,ID_LOCATION,FREE_DAYS,REMINDED_DATE) values (1,'Jose','Adan','jose.adan@4thsource.com','No Customer','.NET Developer',1,2,to_date('12/22/15','MM/DD/RR'),null,null,2,0,null);
Insert into PE.EMPLOYEE (ID_EMPLOYEE,FIRST_NAME,LAST_NAME,EMAIL,CUSTOMER,POSITION,ID_PROFILE,ID_MANAGER,HIRE_DATE,END_DATE,PROJECT,ID_LOCATION,FREE_DAYS,REMINDED_DATE) values (2,'Jose Eduardo','Aguilar Anguiano','eduardo.aguilar@4thsource.com','No Customer','Developer',2,2,to_date('12/22/15','MM/DD/RR'),null,null,2,4,null);
Insert into PE.EMPLOYEE (ID_EMPLOYEE,FIRST_NAME,LAST_NAME,EMAIL,CUSTOMER,POSITION,ID_PROFILE,ID_MANAGER,HIRE_DATE,END_DATE,PROJECT,ID_LOCATION,FREE_DAYS,REMINDED_DATE) values (3,'Israel','Alcantar','israel.alcantar@4thsource.com','No Customer','Developer',1,2,to_date('12/22/15','MM/DD/RR'),null,null,2,0,null);
Insert into PE.EMPLOYEE (ID_EMPLOYEE,FIRST_NAME,LAST_NAME,EMAIL,CUSTOMER,POSITION,ID_PROFILE,ID_MANAGER,HIRE_DATE,END_DATE,PROJECT,ID_LOCATION,FREE_DAYS,REMINDED_DATE) values (4,'Alan','Altamirano','alan.altamirano@4thsource.com','No Customer','Developer',1,2,to_date('12/22/15','MM/DD/RR'),null,null,2,0,null);
Insert into PE.EMPLOYEE (ID_EMPLOYEE,FIRST_NAME,LAST_NAME,EMAIL,CUSTOMER,POSITION,ID_PROFILE,ID_MANAGER,HIRE_DATE,END_DATE,PROJECT,ID_LOCATION,FREE_DAYS,REMINDED_DATE) values (5,'Diego','Amaya','Diego.amaya@4thsource.com','No Customer','Quality Assurance Analyst',1,2,to_date('12/22/15','MM/DD/RR'),null,null,2,0,null);
Insert into PE.EMPLOYEE (ID_EMPLOYEE,FIRST_NAME,LAST_NAME,EMAIL,CUSTOMER,POSITION,ID_PROFILE,ID_MANAGER,HIRE_DATE,END_DATE,PROJECT,ID_LOCATION,FREE_DAYS,REMINDED_DATE) values (6,'Jhonathan','Amezcua','jhonathan.amezcua@4thsource.com','No Customer','Quality Assurance Analyst',1,2,to_date('12/22/15','MM/DD/RR'),null,null,2,0,null);
Insert into PE.EMPLOYEE (ID_EMPLOYEE,FIRST_NAME,LAST_NAME,EMAIL,CUSTOMER,POSITION,ID_PROFILE,ID_MANAGER,HIRE_DATE,END_DATE,PROJECT,ID_LOCATION,FREE_DAYS,REMINDED_DATE) values (7,'Monica','Benavides','monica.benavides@4thsource.com','No Customer','Quality Assurance Analyst',1,2,to_date('12/22/15','MM/DD/RR'),null,null,2,0,null);
Insert into PE.EMPLOYEE (ID_EMPLOYEE,FIRST_NAME,LAST_NAME,EMAIL,CUSTOMER,POSITION,ID_PROFILE,ID_MANAGER,HIRE_DATE,END_DATE,PROJECT,ID_LOCATION,FREE_DAYS,REMINDED_DATE) values (8,'Christian','Borja','christian.borja@4thsource.com','No Customer','Developer',1,2,to_date('12/22/15','MM/DD/RR'),null,null,2,0,null);
Insert into PE.EMPLOYEE (ID_EMPLOYEE,FIRST_NAME,LAST_NAME,EMAIL,CUSTOMER,POSITION,ID_PROFILE,ID_MANAGER,HIRE_DATE,END_DATE,PROJECT,ID_LOCATION,FREE_DAYS,REMINDED_DATE) values (9,'Saul','Casiano','saul.casiano@4thsource.com','No Customer','Developer',1,2,to_date('12/22/15','MM/DD/RR'),null,null,2,0,null);
Insert into PE.EMPLOYEE (ID_EMPLOYEE,FIRST_NAME,LAST_NAME,EMAIL,CUSTOMER,POSITION,ID_PROFILE,ID_MANAGER,HIRE_DATE,END_DATE,PROJECT,ID_LOCATION,FREE_DAYS,REMINDED_DATE) values (10,'Ricardo','Castaneda','ricardo.castaneda@4thsource.com','No Customer','Quality Assurance Analyst',1,2,to_date('12/22/15','MM/DD/RR'),null,null,2,0,null);
Insert into PE.EMPLOYEE (ID_EMPLOYEE,FIRST_NAME,LAST_NAME,EMAIL,CUSTOMER,POSITION,ID_PROFILE,ID_MANAGER,HIRE_DATE,END_DATE,PROJECT,ID_LOCATION,FREE_DAYS,REMINDED_DATE) values (11,'Javier Alexis','Cernas Avalos','javier.cernas@4thsource.com','No Customer','Developer',1,2,to_date('12/22/15','MM/DD/RR'),null,null,2,0,null);
Insert into PE.EMPLOYEE (ID_EMPLOYEE,FIRST_NAME,LAST_NAME,EMAIL,CUSTOMER,POSITION,ID_PROFILE,ID_MANAGER,HIRE_DATE,END_DATE,PROJECT,ID_LOCATION,FREE_DAYS,REMINDED_DATE) values (12,'Jose Eduardo','Cortes Cernas','jose.cortes@4thsource.com','No Customer','Developer',1,2,to_date('12/22/15','MM/DD/RR'),null,null,2,0,null);
Insert into PE.EMPLOYEE (ID_EMPLOYEE,FIRST_NAME,LAST_NAME,EMAIL,CUSTOMER,POSITION,ID_PROFILE,ID_MANAGER,HIRE_DATE,END_DATE,PROJECT,ID_LOCATION,FREE_DAYS,REMINDED_DATE) values (13,'Jonathan','Covarrubias','jonathan.covarrubias@4thsource.com','No Customer','Quality Assurance Analyst',1,2,to_date('12/22/15','MM/DD/RR'),null,null,2,0,null);
Insert into PE.EMPLOYEE (ID_EMPLOYEE,FIRST_NAME,LAST_NAME,EMAIL,CUSTOMER,POSITION,ID_PROFILE,ID_MANAGER,HIRE_DATE,END_DATE,PROJECT,ID_LOCATION,FREE_DAYS,REMINDED_DATE) values (14,'Patrick','De la Rosa','patrick.delarosa@4thsource.com','No Customer','Developer',1,2,to_date('12/22/15','MM/DD/RR'),null,null,2,0,null);
Insert into PE.EMPLOYEE (ID_EMPLOYEE,FIRST_NAME,LAST_NAME,EMAIL,CUSTOMER,POSITION,ID_PROFILE,ID_MANAGER,HIRE_DATE,END_DATE,PROJECT,ID_LOCATION,FREE_DAYS,REMINDED_DATE) values (15,'Carlos','Esparza','Carlos.esparza@4thsource.com','No Customer','Quality Assurance Analyst',2,2,to_date('12/22/15','MM/DD/RR'),null,null,2,0,null);
Insert into PE.EMPLOYEE (ID_EMPLOYEE,FIRST_NAME,LAST_NAME,EMAIL,CUSTOMER,POSITION,ID_PROFILE,ID_MANAGER,HIRE_DATE,END_DATE,PROJECT,ID_LOCATION,FREE_DAYS,REMINDED_DATE) values (16,'Idalia','Evangelista','idalia.evangelista@4thsource.com','No Customer','Quality Assurance Analyst',1,2,to_date('12/22/15','MM/DD/RR'),null,null,2,0,null);
Insert into PE.EMPLOYEE (ID_EMPLOYEE,FIRST_NAME,LAST_NAME,EMAIL,CUSTOMER,POSITION,ID_PROFILE,ID_MANAGER,HIRE_DATE,END_DATE,PROJECT,ID_LOCATION,FREE_DAYS,REMINDED_DATE) values (18,'Gustavo','Fuentes','gustavo.fuentes@4thsource.com','No Customer','Developer',1,2,to_date('12/22/15','MM/DD/RR'),null,null,2,0,null);
Insert into PE.EMPLOYEE (ID_EMPLOYEE,FIRST_NAME,LAST_NAME,EMAIL,CUSTOMER,POSITION,ID_PROFILE,ID_MANAGER,HIRE_DATE,END_DATE,PROJECT,ID_LOCATION,FREE_DAYS,REMINDED_DATE) values (20,'Laura','Garcia Paez','laura.garcia@4thsource.com','No Customer','Developer',1,121,to_date('12/22/15','MM/DD/RR'),null,null,2,16,null);
Insert into PE.EMPLOYEE (ID_EMPLOYEE,FIRST_NAME,LAST_NAME,EMAIL,CUSTOMER,POSITION,ID_PROFILE,ID_MANAGER,HIRE_DATE,END_DATE,PROJECT,ID_LOCATION,FREE_DAYS,REMINDED_DATE) values (19,'Oscar Mauricio','Garcia','Mauricio.garcia@4thsource.com','No Customer','Developer',1,2,to_date('12/22/15','MM/DD/RR'),null,null,2,0,null);
Insert into PE.EMPLOYEE (ID_EMPLOYEE,FIRST_NAME,LAST_NAME,EMAIL,CUSTOMER,POSITION,ID_PROFILE,ID_MANAGER,HIRE_DATE,END_DATE,PROJECT,ID_LOCATION,FREE_DAYS,REMINDED_DATE) values (21,'Yessica','Godinez','jesica.godinez@4thsource.com','No Customer','Quality Assurance Analyst',1,2,to_date('12/22/15','MM/DD/RR'),null,null,2,0,null);
Insert into PE.EMPLOYEE (ID_EMPLOYEE,FIRST_NAME,LAST_NAME,EMAIL,CUSTOMER,POSITION,ID_PROFILE,ID_MANAGER,HIRE_DATE,END_DATE,PROJECT,ID_LOCATION,FREE_DAYS,REMINDED_DATE) values (22,'Oscar','Gonzalez','oscar.gonzalez@4thsource.com','No Customer','Developer',1,2,to_date('12/22/15','MM/DD/RR'),null,null,2,0,null);
Insert into PE.EMPLOYEE (ID_EMPLOYEE,FIRST_NAME,LAST_NAME,EMAIL,CUSTOMER,POSITION,ID_PROFILE,ID_MANAGER,HIRE_DATE,END_DATE,PROJECT,ID_LOCATION,FREE_DAYS,REMINDED_DATE) values (23,'Jose','Gutierrez','jose.gutierrez@4thsource.com','No Customer','Developer',2,2,to_date('12/22/15','MM/DD/RR'),null,null,2,0,null);
Insert into PE.EMPLOYEE (ID_EMPLOYEE,FIRST_NAME,LAST_NAME,EMAIL,CUSTOMER,POSITION,ID_PROFILE,ID_MANAGER,HIRE_DATE,END_DATE,PROJECT,ID_LOCATION,FREE_DAYS,REMINDED_DATE) values (24,'Alan','Guzman','alan.guzman@4thsource.com','No Customer','Developer',1,2,to_date('12/22/15','MM/DD/RR'),null,null,2,0,null);
Insert into PE.EMPLOYEE (ID_EMPLOYEE,FIRST_NAME,LAST_NAME,EMAIL,CUSTOMER,POSITION,ID_PROFILE,ID_MANAGER,HIRE_DATE,END_DATE,PROJECT,ID_LOCATION,FREE_DAYS,REMINDED_DATE) values (25,'Carlos','Hernandez','Carlos.hernandez@4thsource.com','No Customer','Quality Assurance Analyst',1,2,to_date('12/22/15','MM/DD/RR'),null,null,2,0,null);
Insert into PE.EMPLOYEE (ID_EMPLOYEE,FIRST_NAME,LAST_NAME,EMAIL,CUSTOMER,POSITION,ID_PROFILE,ID_MANAGER,HIRE_DATE,END_DATE,PROJECT,ID_LOCATION,FREE_DAYS,REMINDED_DATE) values (26,'Miguel','Hernandez','miguel.hernandez@4thsource.com','No Customer','Developer',3,2,to_date('12/22/15','MM/DD/RR'),null,null,2,0,null);
Insert into PE.EMPLOYEE (ID_EMPLOYEE,FIRST_NAME,LAST_NAME,EMAIL,CUSTOMER,POSITION,ID_PROFILE,ID_MANAGER,HIRE_DATE,END_DATE,PROJECT,ID_LOCATION,FREE_DAYS,REMINDED_DATE) values (27,'Victor','Hernandez','victor.hernandez@4thsource.com','No Customer','Developer',1,2,to_date('12/22/15','MM/DD/RR'),null,null,2,0,null);
Insert into PE.EMPLOYEE (ID_EMPLOYEE,FIRST_NAME,LAST_NAME,EMAIL,CUSTOMER,POSITION,ID_PROFILE,ID_MANAGER,HIRE_DATE,END_DATE,PROJECT,ID_LOCATION,FREE_DAYS,REMINDED_DATE) values (28,'Victor Angel','León González','victor.leon@4thsource.com','No Customer','.NET Developer',1,2,to_date('12/22/15','MM/DD/RR'),null,null,2,0,null);
Insert into PE.EMPLOYEE (ID_EMPLOYEE,FIRST_NAME,LAST_NAME,EMAIL,CUSTOMER,POSITION,ID_PROFILE,ID_MANAGER,HIRE_DATE,END_DATE,PROJECT,ID_LOCATION,FREE_DAYS,REMINDED_DATE) values (29,'Noe','Leos','noe.leos@4thsource.com','No Customer','Developer',1,2,to_date('12/22/15','MM/DD/RR'),null,null,2,0,null);
Insert into PE.EMPLOYEE (ID_EMPLOYEE,FIRST_NAME,LAST_NAME,EMAIL,CUSTOMER,POSITION,ID_PROFILE,ID_MANAGER,HIRE_DATE,END_DATE,PROJECT,ID_LOCATION,FREE_DAYS,REMINDED_DATE) values (30,'Francisco','Lomeli','francisco.lomeli@4thsource.com','No Customer','Developer',1,2,to_date('12/22/15','MM/DD/RR'),null,null,2,0,null);
Insert into PE.EMPLOYEE (ID_EMPLOYEE,FIRST_NAME,LAST_NAME,EMAIL,CUSTOMER,POSITION,ID_PROFILE,ID_MANAGER,HIRE_DATE,END_DATE,PROJECT,ID_LOCATION,FREE_DAYS,REMINDED_DATE) values (31,'Daniel','Lopez','daniel.lopez@4thsource.com','No Customer','Developer',1,2,to_date('12/22/15','MM/DD/RR'),null,null,2,0,null);
Insert into PE.EMPLOYEE (ID_EMPLOYEE,FIRST_NAME,LAST_NAME,EMAIL,CUSTOMER,POSITION,ID_PROFILE,ID_MANAGER,HIRE_DATE,END_DATE,PROJECT,ID_LOCATION,FREE_DAYS,REMINDED_DATE) values (32,'Jamie','Luna Garcia','jaime.luna@4thsource.com','No Customer','Developer',1,2,to_date('12/22/15','MM/DD/RR'),null,null,2,0,null);
Insert into PE.EMPLOYEE (ID_EMPLOYEE,FIRST_NAME,LAST_NAME,EMAIL,CUSTOMER,POSITION,ID_PROFILE,ID_MANAGER,HIRE_DATE,END_DATE,PROJECT,ID_LOCATION,FREE_DAYS,REMINDED_DATE) values (33,'Alejandra','Mayorga','alejandra.mayorga@4thsource.com','No Customer','Project Manager',1,2,to_date('12/22/15','MM/DD/RR'),null,null,2,0,null);
Insert into PE.EMPLOYEE (ID_EMPLOYEE,FIRST_NAME,LAST_NAME,EMAIL,CUSTOMER,POSITION,ID_PROFILE,ID_MANAGER,HIRE_DATE,END_DATE,PROJECT,ID_LOCATION,FREE_DAYS,REMINDED_DATE) values (34,'Eric','Mesina','eric.mesina@4thsource.com','No Customer','Developer',1,2,to_date('12/22/15','MM/DD/RR'),null,null,2,0,null);
Insert into PE.EMPLOYEE (ID_EMPLOYEE,FIRST_NAME,LAST_NAME,EMAIL,CUSTOMER,POSITION,ID_PROFILE,ID_MANAGER,HIRE_DATE,END_DATE,PROJECT,ID_LOCATION,FREE_DAYS,REMINDED_DATE) values (35,'Nestor','Morales','nestor.julian@4thsource.com','No Customer','Quality Assurance Analyst',1,2,to_date('12/22/15','MM/DD/RR'),null,null,2,0,null);
Insert into PE.EMPLOYEE (ID_EMPLOYEE,FIRST_NAME,LAST_NAME,EMAIL,CUSTOMER,POSITION,ID_PROFILE,ID_MANAGER,HIRE_DATE,END_DATE,PROJECT,ID_LOCATION,FREE_DAYS,REMINDED_DATE) values (36,'Eduardo','Morin','eduardo.morin@4thsource.com','No Customer','Developer',1,2,to_date('12/22/15','MM/DD/RR'),null,null,2,0,null);
Insert into PE.EMPLOYEE (ID_EMPLOYEE,FIRST_NAME,LAST_NAME,EMAIL,CUSTOMER,POSITION,ID_PROFILE,ID_MANAGER,HIRE_DATE,END_DATE,PROJECT,ID_LOCATION,FREE_DAYS,REMINDED_DATE) values (37,'Luis','Munguia Gonzalez','luis.munguia@4thsource.com','No Customer','Quality Assurance Analyst',1,2,to_date('12/22/15','MM/DD/RR'),null,null,2,0,null);
Insert into PE.EMPLOYEE (ID_EMPLOYEE,FIRST_NAME,LAST_NAME,EMAIL,CUSTOMER,POSITION,ID_PROFILE,ID_MANAGER,HIRE_DATE,END_DATE,PROJECT,ID_LOCATION,FREE_DAYS,REMINDED_DATE) values (38,'Anibal','Negrete','anibal.negrete@4thsource.com','No Customer','Quality Assurance Analyst',1,2,to_date('12/22/15','MM/DD/RR'),null,null,2,0,null);
Insert into PE.EMPLOYEE (ID_EMPLOYEE,FIRST_NAME,LAST_NAME,EMAIL,CUSTOMER,POSITION,ID_PROFILE,ID_MANAGER,HIRE_DATE,END_DATE,PROJECT,ID_LOCATION,FREE_DAYS,REMINDED_DATE) values (39,'Eder','Palacios','eder.palacios@4thsource.com','No Customer','Developer',2,2,to_date('12/22/15','MM/DD/RR'),null,null,2,0,null);
Insert into PE.EMPLOYEE (ID_EMPLOYEE,FIRST_NAME,LAST_NAME,EMAIL,CUSTOMER,POSITION,ID_PROFILE,ID_MANAGER,HIRE_DATE,END_DATE,PROJECT,ID_LOCATION,FREE_DAYS,REMINDED_DATE) values (40,'Orlando','Palacios','orlando.palacios@4thsource.com','No Customer','Quality Assurance Analyst',1,2,to_date('12/22/15','MM/DD/RR'),null,null,2,0,null);
Insert into PE.EMPLOYEE (ID_EMPLOYEE,FIRST_NAME,LAST_NAME,EMAIL,CUSTOMER,POSITION,ID_PROFILE,ID_MANAGER,HIRE_DATE,END_DATE,PROJECT,ID_LOCATION,FREE_DAYS,REMINDED_DATE) values (41,'Victor','Pena','victor.pena@4thsource.com','No Customer','Developer',1,2,to_date('12/22/15','MM/DD/RR'),null,null,2,0,null);
Insert into PE.EMPLOYEE (ID_EMPLOYEE,FIRST_NAME,LAST_NAME,EMAIL,CUSTOMER,POSITION,ID_PROFILE,ID_MANAGER,HIRE_DATE,END_DATE,PROJECT,ID_LOCATION,FREE_DAYS,REMINDED_DATE) values (42,'Daniel','Perez','daniel.perez@4thsource.com','No Customer','Quality Assurance Analyst',1,2,to_date('12/22/15','MM/DD/RR'),null,null,2,0,null);
Insert into PE.EMPLOYEE (ID_EMPLOYEE,FIRST_NAME,LAST_NAME,EMAIL,CUSTOMER,POSITION,ID_PROFILE,ID_MANAGER,HIRE_DATE,END_DATE,PROJECT,ID_LOCATION,FREE_DAYS,REMINDED_DATE) values (43,'Robertho','Perez','robertho.perez@4thsource.com','No Customer','Developer',1,2,to_date('12/22/15','MM/DD/RR'),null,null,2,0,null);
Insert into PE.EMPLOYEE (ID_EMPLOYEE,FIRST_NAME,LAST_NAME,EMAIL,CUSTOMER,POSITION,ID_PROFILE,ID_MANAGER,HIRE_DATE,END_DATE,PROJECT,ID_LOCATION,FREE_DAYS,REMINDED_DATE) values (44,'Juan','Ricardo','juan.ricardo@4thsource.com','No Customer','Developer',1,2,to_date('12/22/15','MM/DD/RR'),null,null,2,0,null);
Insert into PE.EMPLOYEE (ID_EMPLOYEE,FIRST_NAME,LAST_NAME,EMAIL,CUSTOMER,POSITION,ID_PROFILE,ID_MANAGER,HIRE_DATE,END_DATE,PROJECT,ID_LOCATION,FREE_DAYS,REMINDED_DATE) values (45,'Ghersain','Rivera','azael.rivera@4thsource.com','No Customer','Quality Assurance Analyst',1,2,to_date('12/22/15','MM/DD/RR'),null,null,2,0,null);
Insert into PE.EMPLOYEE (ID_EMPLOYEE,FIRST_NAME,LAST_NAME,EMAIL,CUSTOMER,POSITION,ID_PROFILE,ID_MANAGER,HIRE_DATE,END_DATE,PROJECT,ID_LOCATION,FREE_DAYS,REMINDED_DATE) values (46,'Martha','Rodriguez','martha.rodriguez@4thsource.com','No Customer','Developer',1,2,to_date('12/22/15','MM/DD/RR'),null,null,2,0,null);
Insert into PE.EMPLOYEE (ID_EMPLOYEE,FIRST_NAME,LAST_NAME,EMAIL,CUSTOMER,POSITION,ID_PROFILE,ID_MANAGER,HIRE_DATE,END_DATE,PROJECT,ID_LOCATION,FREE_DAYS,REMINDED_DATE) values (47,'Santiago','Rodriguez','santiago.rodriguez@4thsource.com','No Customer','Developer',1,2,to_date('12/22/15','MM/DD/RR'),null,null,2,0,null);
Insert into PE.EMPLOYEE (ID_EMPLOYEE,FIRST_NAME,LAST_NAME,EMAIL,CUSTOMER,POSITION,ID_PROFILE,ID_MANAGER,HIRE_DATE,END_DATE,PROJECT,ID_LOCATION,FREE_DAYS,REMINDED_DATE) values (48,'Christian','Ruiz','christian.ruiz@4thsource.com','No Customer','Quality Assurance Analyst',1,2,to_date('12/22/15','MM/DD/RR'),null,null,2,0,null);
Insert into PE.EMPLOYEE (ID_EMPLOYEE,FIRST_NAME,LAST_NAME,EMAIL,CUSTOMER,POSITION,ID_PROFILE,ID_MANAGER,HIRE_DATE,END_DATE,PROJECT,ID_LOCATION,FREE_DAYS,REMINDED_DATE) values (49,'Jose','Salazar','jose.salazar@4thsource.com','No Customer','Developer',2,2,to_date('12/22/15','MM/DD/RR'),null,null,2,0,null);
Insert into PE.EMPLOYEE (ID_EMPLOYEE,FIRST_NAME,LAST_NAME,EMAIL,CUSTOMER,POSITION,ID_PROFILE,ID_MANAGER,HIRE_DATE,END_DATE,PROJECT,ID_LOCATION,FREE_DAYS,REMINDED_DATE) values (50,'Carlos','Sandoval','carlos.sandoval@4thsource.com','No Customer','Quality Assurance Analyst',1,2,to_date('12/22/15','MM/DD/RR'),null,null,2,0,null);
Insert into PE.EMPLOYEE (ID_EMPLOYEE,FIRST_NAME,LAST_NAME,EMAIL,CUSTOMER,POSITION,ID_PROFILE,ID_MANAGER,HIRE_DATE,END_DATE,PROJECT,ID_LOCATION,FREE_DAYS,REMINDED_DATE) values (51,'Juan Ruben','Sepulveda','juan.sepulveda@4thsource.com','No Customer','Developer',1,2,to_date('12/22/15','MM/DD/RR'),null,null,2,0,null);
Insert into PE.EMPLOYEE (ID_EMPLOYEE,FIRST_NAME,LAST_NAME,EMAIL,CUSTOMER,POSITION,ID_PROFILE,ID_MANAGER,HIRE_DATE,END_DATE,PROJECT,ID_LOCATION,FREE_DAYS,REMINDED_DATE) values (52,'Felipe','Torres','felipe.torres@4thsource.com','No Customer','Developer',1,2,to_date('12/22/15','MM/DD/RR'),null,null,2,0,null);
Insert into PE.EMPLOYEE (ID_EMPLOYEE,FIRST_NAME,LAST_NAME,EMAIL,CUSTOMER,POSITION,ID_PROFILE,ID_MANAGER,HIRE_DATE,END_DATE,PROJECT,ID_LOCATION,FREE_DAYS,REMINDED_DATE) values (53,'Jose','Vaca','jose.vaca@4thsource.com','No Customer','Developer',1,2,to_date('12/22/15','MM/DD/RR'),null,null,2,0,null);
Insert into PE.EMPLOYEE (ID_EMPLOYEE,FIRST_NAME,LAST_NAME,EMAIL,CUSTOMER,POSITION,ID_PROFILE,ID_MANAGER,HIRE_DATE,END_DATE,PROJECT,ID_LOCATION,FREE_DAYS,REMINDED_DATE) values (54,'Bruno','Vargas Camarena','bruno.vargas@4thsource.com','No Customer','Quality Assurance Analyst',1,2,to_date('12/22/15','MM/DD/RR'),null,null,2,0,null);
Insert into PE.EMPLOYEE (ID_EMPLOYEE,FIRST_NAME,LAST_NAME,EMAIL,CUSTOMER,POSITION,ID_PROFILE,ID_MANAGER,HIRE_DATE,END_DATE,PROJECT,ID_LOCATION,FREE_DAYS,REMINDED_DATE) values (55,'Fernando','Vasquez','fernando.vasquez@4thsource.com','No Customer','Developer',1,2,to_date('12/22/15','MM/DD/RR'),null,null,2,0,null);
Insert into PE.EMPLOYEE (ID_EMPLOYEE,FIRST_NAME,LAST_NAME,EMAIL,CUSTOMER,POSITION,ID_PROFILE,ID_MANAGER,HIRE_DATE,END_DATE,PROJECT,ID_LOCATION,FREE_DAYS,REMINDED_DATE) values (56,'Josimar','Vazquez Plaza','josimar.vazquez@4thsource.com','No Customer','Developer',1,2,to_date('12/22/15','MM/DD/RR'),null,null,2,0,null);
Insert into PE.EMPLOYEE (ID_EMPLOYEE,FIRST_NAME,LAST_NAME,EMAIL,CUSTOMER,POSITION,ID_PROFILE,ID_MANAGER,HIRE_DATE,END_DATE,PROJECT,ID_LOCATION,FREE_DAYS,REMINDED_DATE) values (58,'Alejandro','Munoz Osorio','alejandro.munoz@4thsource.com','No Customer','Developer',1,2,to_date('10/23/17','MM/DD/RR'),null,null,2,0,null);
Insert into PE.EMPLOYEE (ID_EMPLOYEE,FIRST_NAME,LAST_NAME,EMAIL,CUSTOMER,POSITION,ID_PROFILE,ID_MANAGER,HIRE_DATE,END_DATE,PROJECT,ID_LOCATION,FREE_DAYS,REMINDED_DATE) values (59,'Jesus','Gutierrez','jesus.gutierrez@4thsource.com','No Customer','Developer',1,2,to_date('10/23/17','MM/DD/RR'),null,null,2,0,null);
Insert into PE.EMPLOYEE (ID_EMPLOYEE,FIRST_NAME,LAST_NAME,EMAIL,CUSTOMER,POSITION,ID_PROFILE,ID_MANAGER,HIRE_DATE,END_DATE,PROJECT,ID_LOCATION,FREE_DAYS,REMINDED_DATE) values (57,'Julio','Virgen','julio.virgen@4thsource.com','No Customer','Developer',1,2,to_date('12/22/15','MM/DD/RR'),null,null,2,0,null);
Insert into PE.EMPLOYEE (ID_EMPLOYEE,FIRST_NAME,LAST_NAME,EMAIL,CUSTOMER,POSITION,ID_PROFILE,ID_MANAGER,HIRE_DATE,END_DATE,PROJECT,ID_LOCATION,FREE_DAYS,REMINDED_DATE) values (121,'David','Ruiz Navarro','david.ruiz@4thsource.com','No Customer','Developer',2,121,to_date('09/18/18','MM/DD/RR'),null,null,2,62,'10/8/2018 12:41:00 PM');
Insert into PE.EMPLOYEE (ID_EMPLOYEE,FIRST_NAME,LAST_NAME,EMAIL,CUSTOMER,POSITION,ID_PROFILE,ID_MANAGER,HIRE_DATE,END_DATE,PROJECT,ID_LOCATION,FREE_DAYS,REMINDED_DATE) values (122,'Adan','Urzua','carlos.urzua@4thsource.com','No Customer','Developer',1,121,to_date('09/18/18','MM/DD/RR'),null,null,2,7,null);
Insert into PE.EMPLOYEE (ID_EMPLOYEE,FIRST_NAME,LAST_NAME,EMAIL,CUSTOMER,POSITION,ID_PROFILE,ID_MANAGER,HIRE_DATE,END_DATE,PROJECT,ID_LOCATION,FREE_DAYS,REMINDED_DATE) values (141,'Admin','Read Only','david.alvarado@4thsource.com','No Customer','Developer',4,121,to_date('10/16/18','MM/DD/RR'),null,null,2,16,null);
REM INSERTING into PE.HOLIDAYS
SET DEFINE OFF;
REM INSERTING into PE.LATENESS
SET DEFINE OFF;
REM INSERTING into PE.LM_SKILL
SET DEFINE OFF;
REM INSERTING into PE.LOCATION
SET DEFINE OFF;
Insert into PE.LOCATION (ID_LOCATION,NAME) values (1,'USA');
Insert into PE.LOCATION (ID_LOCATION,NAME) values (2,'COLIMA');
Insert into PE.LOCATION (ID_LOCATION,NAME) values (3,'MERIDA');
Insert into PE.LOCATION (ID_LOCATION,NAME) values (4,'DF');
REM INSERTING into PE.PE
SET DEFINE OFF;
REM INSERTING into PE.PERIOD
SET DEFINE OFF;
REM INSERTING into PE.PROFILE
SET DEFINE OFF;
Insert into PE.PROFILE (ID_PROFILE,PROFILE) values (1,'Resource');
Insert into PE.PROFILE (ID_PROFILE,PROFILE) values (2,'Manager');
Insert into PE.PROFILE (ID_PROFILE,PROFILE) values (3,'Director');
Insert into PE.PROFILE (ID_PROFILE,PROFILE) values (4,'ReadOnlyAd');
REM INSERTING into PE.SCORE
SET DEFINE OFF;
REM INSERTING into PE.SKILL
SET DEFINE OFF;
Insert into PE.SKILL (ID_SKILL,SKILL) values (2,'Coordinates activities with the client or is the main contact');
Insert into PE.SKILL (ID_SKILL,SKILL) values (3,'Defines the tech approach and/ or project plan');
Insert into PE.SKILL (ID_SKILL,SKILL) values (4,'Supports and observes company policies');
Insert into PE.SKILL (ID_SKILL,SKILL) values (5,'Keeps control and follows up for the plan');
Insert into PE.SKILL (ID_SKILL,SKILL) values (6,'Generates business opportunities');
Insert into PE.SKILL (ID_SKILL,SKILL) values (7,'Trains and develops team members');
Insert into PE.SKILL (ID_SKILL,SKILL) values (8,'Supports experimentation and brainstorming that leads to innovation and learning');
Insert into PE.SKILL (ID_SKILL,SKILL) values (9,'Evaluates team regularly');
Insert into PE.SKILL (ID_SKILL,SKILL) values (10,'Faces performance problems in an honest, straightforward manner');
Insert into PE.SKILL (ID_SKILL,SKILL) values (11,'Supports responsible risk taking');
Insert into PE.SKILL (ID_SKILL,SKILL) values (1,'Supervises personnel');
Insert into PE.SKILL (ID_SKILL,SKILL) values (12,'Helps control costs and maximize resources');
Insert into PE.SKILL (ID_SKILL,SKILL) values (13,'Instills pride, service, innovation and quality');
Insert into PE.SKILL (ID_SKILL,SKILL) values (14,'Sets high standards for self, as well as others');
Insert into PE.SKILL (ID_SKILL,SKILL) values (15,'Supports useful debate and disagreement');
Insert into PE.SKILL (ID_SKILL,SKILL) values (16,'Welcomes constructive criticism');
Insert into PE.SKILL (ID_SKILL,SKILL) values (17,'Sets specific goals for simplicity, productivity and process improvements');
REM INSERTING into PE.STATUS
SET DEFINE OFF;
Insert into PE.STATUS (ID_STATUS,STATUS) values (1,'Incomplete');
Insert into PE.STATUS (ID_STATUS,STATUS) values (3,'Complete Evaluator');
Insert into PE.STATUS (ID_STATUS,STATUS) values (2,'Complete Employee');
REM INSERTING into PE.SUBTITLE
SET DEFINE OFF;
Insert into PE.SUBTITLE (ID_SUBTITLE,SUBTITLE,ID_TITLE) values (3,'Skills and Knowledge',2);
Insert into PE.SUBTITLE (ID_SUBTITLE,SUBTITLE,ID_TITLE) values (4,'INTERPERSONAL SKILLS: Effectiveness of the team member''s interaction with others and as a team participant',2);
Insert into PE.SUBTITLE (ID_SUBTITLE,SUBTITLE,ID_TITLE) values (5,'Growth and development: Learns new concepts and techniques, investigates and explores new work processes and/or new tools.',2);
Insert into PE.SUBTITLE (ID_SUBTITLE,SUBTITLE,ID_TITLE) values (6,'Policies Compliance: (non-disclosure, dress code )',2);
Insert into PE.SUBTITLE (ID_SUBTITLE,SUBTITLE,ID_TITLE) values (1,'Quality of the Developed Products: The products meet all the requirements, specifications and standards that the client requires?',1);
Insert into PE.SUBTITLE (ID_SUBTITLE,SUBTITLE,ID_TITLE) values (2,'Opportunity in the delivery of products: All products were delivered on or before deadlines?',1);
REM INSERTING into PE.TITLE
SET DEFINE OFF;
Insert into PE.TITLE (ID_TITLE,TITLE) values (1,'Performance');
Insert into PE.TITLE (ID_TITLE,TITLE) values (2,'Competences');
REM INSERTING into PE.VACATION_HEADER_REQ
SET DEFINE OFF;
Insert into PE.VACATION_HEADER_REQ (ID_HEADER_REQ,ID_EMPLOYEE,TITLE,NO_VAC_DAYS,COMMENTS,ID_REQ_STATUS,REPLAY_COMMENT,NO_UNPAID_DAYS) values (1,2,'Christmas vacations',4,'My family are going to come and i would like to spend time with them.',1,null,null);
Insert into PE.VACATION_HEADER_REQ (ID_HEADER_REQ,ID_EMPLOYEE,TITLE,NO_VAC_DAYS,COMMENTS,ID_REQ_STATUS,REPLAY_COMMENT,NO_UNPAID_DAYS) values (2,2,'I need this vacations please',3,'My family are going to come and i would like to spend time with them.',3,null,null);
Insert into PE.VACATION_HEADER_REQ (ID_HEADER_REQ,ID_EMPLOYEE,TITLE,NO_VAC_DAYS,COMMENTS,ID_REQ_STATUS,REPLAY_COMMENT,NO_UNPAID_DAYS) values (3,12,'GOOD FRIDAY',2,'DSFBHJSBF JHSB F',1,null,null);
Insert into PE.VACATION_HEADER_REQ (ID_HEADER_REQ,ID_EMPLOYEE,TITLE,NO_VAC_DAYS,COMMENTS,ID_REQ_STATUS,REPLAY_COMMENT,NO_UNPAID_DAYS) values (5,2,'Necessary days',2,'DSFBHJSBF JHSB F',2,'You have tasks for those days',null);
REM INSERTING into PE.VACATION_REQ_STATUS
SET DEFINE OFF;
Insert into PE.VACATION_REQ_STATUS (ID_REQ_STATUS,REQ_STATUS) values (1,'PENDING');
Insert into PE.VACATION_REQ_STATUS (ID_REQ_STATUS,REQ_STATUS) values (2,'REJECTED');
Insert into PE.VACATION_REQ_STATUS (ID_REQ_STATUS,REQ_STATUS) values (3,'APPROVED');
Insert into PE.VACATION_REQ_STATUS (ID_REQ_STATUS,REQ_STATUS) values (4,'CANCELED');
REM INSERTING into PE.VACATION_SUBREQ
SET DEFINE OFF;
Insert into PE.VACATION_SUBREQ (ID_SUBREQ,ID_HEADER_REQ,START_DATE,END_DATE,RETURN_DATE,HAVE_PROJECT,LEAD_NAME,DATE_CREATED) values (1,1,to_date('11/24/16','MM/DD/RR'),to_date('11/30/16','MM/DD/RR'),to_date('12/01/16','MM/DD/RR'),null,null,to_date('11/24/16','MM/DD/RR'));
Insert into PE.VACATION_SUBREQ (ID_SUBREQ,ID_HEADER_REQ,START_DATE,END_DATE,RETURN_DATE,HAVE_PROJECT,LEAD_NAME,DATE_CREATED) values (2,2,to_date('11/25/16','MM/DD/RR'),to_date('11/29/16','MM/DD/RR'),to_date('12/30/16','MM/DD/RR'),null,null,to_date('11/25/16','MM/DD/RR'));
Insert into PE.VACATION_SUBREQ (ID_SUBREQ,ID_HEADER_REQ,START_DATE,END_DATE,RETURN_DATE,HAVE_PROJECT,LEAD_NAME,DATE_CREATED) values (3,3,to_date('11/26/16','MM/DD/RR'),to_date('11/28/16','MM/DD/RR'),to_date('11/29/16','MM/DD/RR'),null,null,to_date('11/26/16','MM/DD/RR'));
Insert into PE.VACATION_SUBREQ (ID_SUBREQ,ID_HEADER_REQ,START_DATE,END_DATE,RETURN_DATE,HAVE_PROJECT,LEAD_NAME,DATE_CREATED) values (4,5,to_date('11/26/16','MM/DD/RR'),to_date('11/28/16','MM/DD/RR'),to_date('11/29/16','MM/DD/RR'),null,null,to_date('11/26/16','MM/DD/RR'));
--------------------------------------------------------
--  DDL for Trigger TRIGGCOMMENT
--------------------------------------------------------

  CREATE OR REPLACE TRIGGER "PE"."TRIGGCOMMENT" 
   before insert on "PE"."COMMENT" 
   for each row 
begin  
   if inserting then 
      if :NEW."ID_COMMENT" is null then 
         select SEQCOMMENT.nextval into :NEW."ID_COMMENT" from dual; 
      end if; 
   end if; 
end;

/
ALTER TRIGGER "PE"."TRIGGCOMMENT" ENABLE;
--------------------------------------------------------
--  DDL for Trigger TRIGGDESCRIPTION
--------------------------------------------------------

  CREATE OR REPLACE TRIGGER "PE"."TRIGGDESCRIPTION" 
   before insert on "PE"."DESCRIPTION" 
   for each row 
begin  
   if inserting then 
      if :NEW."ID_DESCRIPTION" is null then 
         select SEQDESCRIPTION.nextval into :NEW."ID_DESCRIPTION" from dual; 
      end if; 
   end if; 
end;

/
ALTER TRIGGER "PE"."TRIGGDESCRIPTION" ENABLE;
--------------------------------------------------------
--  DDL for Trigger TRIGGEMPLOYEE
--------------------------------------------------------

  CREATE OR REPLACE TRIGGER "PE"."TRIGGEMPLOYEE" 
   before insert on "PE"."EMPLOYEE" 
   for each row 
begin  
   if inserting then 
      if :NEW."ID_EMPLOYEE" is null then 
         select SEQEMPLOYEE.nextval into :NEW."ID_EMPLOYEE" from dual; 
      end if; 
   end if; 
end;

/
ALTER TRIGGER "PE"."TRIGGEMPLOYEE" ENABLE;
--------------------------------------------------------
--  DDL for Trigger TRIGGER_VACATIONSUBREQ
--------------------------------------------------------

  CREATE OR REPLACE TRIGGER "PE"."TRIGGER_VACATIONSUBREQ" 
    BEFORE INSERT ON PE.VACATION_SUBREQ
    FOR EACH ROW
BEGIN 
    :NEW.DATE_CREATED := SYSDATE;
END;
/
ALTER TRIGGER "PE"."TRIGGER_VACATIONSUBREQ" ENABLE;
--------------------------------------------------------
--  DDL for Trigger TRIGGHOLIDAYS
--------------------------------------------------------

  CREATE OR REPLACE TRIGGER "PE"."TRIGGHOLIDAYS" 
   before insert on "PE"."HOLIDAYS" 
   for each row 
begin  
   if inserting then 
      if :NEW."ID_HOLIDAY" is null then 
         select SEQHOLIDAYS.nextval into :NEW."ID_HOLIDAY" from dual; 
      end if; 
   end if; 
end;

/
ALTER TRIGGER "PE"."TRIGGHOLIDAYS" ENABLE;
--------------------------------------------------------
--  DDL for Trigger TRIGGLATENESS
--------------------------------------------------------

  CREATE OR REPLACE TRIGGER "PE"."TRIGGLATENESS" 
  BEFORE INSERT ON "PE"."LATENESS" 
  FOR EACH ROW
  BEGIN
    if inserting then 
      if :NEW."ID_LATENESS" is null then
        SELECT SEQLATENESS.NEXTVAL INTO :NEW."ID_LATENESS" FROM dual;
      end if; 
    end if; 
  END;

/
ALTER TRIGGER "PE"."TRIGGLATENESS" ENABLE;
--------------------------------------------------------
--  DDL for Trigger TRIGGLMSKILL
--------------------------------------------------------

  CREATE OR REPLACE TRIGGER "PE"."TRIGGLMSKILL" 
   before insert on "PE"."LM_SKILL" 
   for each row 
begin  
   if inserting then 
      if :NEW."ID_LMSKILL" is null then 
         select SEQLMSKILL.nextval into :NEW."ID_LMSKILL" from dual; 
      end if; 
   end if; 
end;

/
ALTER TRIGGER "PE"."TRIGGLMSKILL" ENABLE;
--------------------------------------------------------
--  DDL for Trigger TRIGGPE
--------------------------------------------------------

  CREATE OR REPLACE TRIGGER "PE"."TRIGGPE" 
   before insert on "PE"."PE" 
   for each row 
begin  
   if inserting then 
      if :NEW."ID_PE" is null then 
         select SEQPE.nextval into :NEW."ID_PE" from dual; 
      end if; 
   end if; 
end;

/
ALTER TRIGGER "PE"."TRIGGPE" ENABLE;
--------------------------------------------------------
--  DDL for Trigger TRIGGPROFILE
--------------------------------------------------------

  CREATE OR REPLACE TRIGGER "PE"."TRIGGPROFILE" 
   before insert on "PE"."PROFILE" 
   for each row 
begin  
   if inserting then 
      if :NEW."ID_PROFILE" is null then 
         select SEQPROFILE.nextval into :NEW."ID_PROFILE" from dual; 
      end if; 
   end if; 
end;

/
ALTER TRIGGER "PE"."TRIGGPROFILE" ENABLE;
--------------------------------------------------------
--  DDL for Trigger TRIGGSCORE
--------------------------------------------------------

  CREATE OR REPLACE TRIGGER "PE"."TRIGGSCORE" 
   before insert on "PE"."SCORE" 
   for each row 
begin  
   if inserting then 
      if :NEW."ID_SCORE" is null then 
         select SEQSCORE.nextval into :NEW."ID_SCORE" from dual; 
      end if; 
   end if; 
end;

/
ALTER TRIGGER "PE"."TRIGGSCORE" ENABLE;
--------------------------------------------------------
--  DDL for Trigger TRIGGSKILL
--------------------------------------------------------

  CREATE OR REPLACE TRIGGER "PE"."TRIGGSKILL" 
   before insert on "PE"."SKILL" 
   for each row 
begin  
   if inserting then 
      if :NEW."ID_SKILL" is null then 
         select SEQSKILL.nextval into :NEW."ID_SKILL" from dual; 
      end if; 
   end if; 
end;

/
ALTER TRIGGER "PE"."TRIGGSKILL" ENABLE;
--------------------------------------------------------
--  DDL for Trigger TRIGGSTATUS
--------------------------------------------------------

  CREATE OR REPLACE TRIGGER "PE"."TRIGGSTATUS" 
   before insert on "PE"."STATUS" 
   for each row 
begin  
   if inserting then 
      if :NEW."ID_STATUS" is null then 
         select SEQSTATUS.nextval into :NEW."ID_STATUS" from dual; 
      end if; 
   end if; 
end;

/
ALTER TRIGGER "PE"."TRIGGSTATUS" ENABLE;
--------------------------------------------------------
--  DDL for Trigger TRIGGSUBTITLE
--------------------------------------------------------

  CREATE OR REPLACE TRIGGER "PE"."TRIGGSUBTITLE" 
   before insert on "PE"."SUBTITLE" 
   for each row 
begin  
   if inserting then 
      if :NEW."ID_SUBTITLE" is null then 
         select SEQSUBTITLE.nextval into :NEW."ID_SUBTITLE" from dual; 
      end if; 
   end if; 
end;

/
ALTER TRIGGER "PE"."TRIGGSUBTITLE" ENABLE;
--------------------------------------------------------
--  DDL for Trigger TRIGGTITLE
--------------------------------------------------------

  CREATE OR REPLACE TRIGGER "PE"."TRIGGTITLE" 
   before insert on "PE"."TITLE" 
   for each row 
begin  
   if inserting then 
      if :NEW."ID_TITLE" is null then 
         select SEQTITLE.nextval into :NEW."ID_TITLE" from dual; 
      end if; 
   end if; 
end;

/
ALTER TRIGGER "PE"."TRIGGTITLE" ENABLE;
--------------------------------------------------------
--  DDL for Trigger TRIGGVAC_HEADER_REQ
--------------------------------------------------------

  CREATE OR REPLACE TRIGGER "PE"."TRIGGVAC_HEADER_REQ" 
   BEFORE INSERT ON "PE"."VACATION_HEADER_REQ"
   for each row 
BEGIN
   if inserting then 
      if :NEW."ID_HEADER_REQ" is null then 
         select SEQVAC_HEAD_REQ.nextval into :NEW."ID_HEADER_REQ" from dual; 
      end if; 
   end if; 
END;

/
ALTER TRIGGER "PE"."TRIGGVAC_HEADER_REQ" ENABLE;
--------------------------------------------------------
--  DDL for Trigger TRIGGVAC_REQ_STATUS
--------------------------------------------------------

  CREATE OR REPLACE TRIGGER "PE"."TRIGGVAC_REQ_STATUS" 
   before insert on "PE"."VACATION_REQ_STATUS" 
   for each row 
begin  
   if inserting then 
      if :NEW."ID_REQ_STATUS" is null then 
         select SEQVAC_REQ_STATUS.nextval into :NEW."ID_REQ_STATUS" from dual; 
      end if; 
   end if; 
end;

/
ALTER TRIGGER "PE"."TRIGGVAC_REQ_STATUS" ENABLE;
--------------------------------------------------------
--  DDL for Trigger TRIGGVAC_SUBREQ
--------------------------------------------------------

  CREATE OR REPLACE TRIGGER "PE"."TRIGGVAC_SUBREQ" 
   before insert on "PE"."VACATION_SUBREQ" 
   for each row 
begin  
   if inserting then 
      if :NEW."ID_SUBREQ" is null then 
         select SEQVAC_SUBREQ.nextval into :NEW."ID_SUBREQ" from dual; 
      end if; 
   end if; 
end;

/
ALTER TRIGGER "PE"."TRIGGVAC_SUBREQ" ENABLE;
--------------------------------------------------------
--  DDL for Synonymn CATALOG
--------------------------------------------------------

  CREATE OR REPLACE SYNONYM "PE"."CATALOG" FOR "SYS"."CATALOG";
--------------------------------------------------------
--  DDL for Synonymn COL
--------------------------------------------------------

  CREATE OR REPLACE SYNONYM "PE"."COL" FOR "SYS"."COL";
--------------------------------------------------------
--  DDL for Synonymn PUBLICSYN
--------------------------------------------------------

  CREATE OR REPLACE SYNONYM "PE"."PUBLICSYN" FOR "SYS"."PUBLICSYN";
--------------------------------------------------------
--  DDL for Synonymn SYSCATALOG
--------------------------------------------------------

  CREATE OR REPLACE SYNONYM "PE"."SYSCATALOG" FOR "SYS"."SYSCATALOG";
--------------------------------------------------------
--  DDL for Synonymn SYSFILES
--------------------------------------------------------

  CREATE OR REPLACE SYNONYM "PE"."SYSFILES" FOR "SYS"."SYSFILES";
--------------------------------------------------------
--  DDL for Synonymn TAB
--------------------------------------------------------

  CREATE OR REPLACE SYNONYM "PE"."TAB" FOR "SYS"."TAB";
--------------------------------------------------------
--  DDL for Synonymn TABQUOTAS
--------------------------------------------------------

  CREATE OR REPLACE SYNONYM "PE"."TABQUOTAS" FOR "SYS"."TABQUOTAS";
--------------------------------------------------------
--  Constraints for Table COMMENT
--------------------------------------------------------

  ALTER TABLE "PE"."COMMENT" ADD PRIMARY KEY ("ID_COMMENT")
  USING INDEX PCTFREE 10 INITRANS 2 MAXTRANS 255 
  STORAGE(INITIAL 65536 NEXT 1048576 MINEXTENTS 1 MAXEXTENTS 2147483645
  PCTINCREASE 0 FREELISTS 1 FREELIST GROUPS 1 BUFFER_POOL DEFAULT FLASH_CACHE DEFAULT CELL_FLASH_CACHE DEFAULT)
  TABLESPACE "SYSTEM"  ENABLE;
  ALTER TABLE "PE"."COMMENT" MODIFY ("ID_COMMENT" NOT NULL ENABLE);
--------------------------------------------------------
--  Constraints for Table DESCRIPTION
--------------------------------------------------------

  ALTER TABLE "PE"."DESCRIPTION" ADD PRIMARY KEY ("ID_DESCRIPTION")
  USING INDEX PCTFREE 10 INITRANS 2 MAXTRANS 255 
  STORAGE(INITIAL 65536 NEXT 1048576 MINEXTENTS 1 MAXEXTENTS 2147483645
  PCTINCREASE 0 FREELISTS 1 FREELIST GROUPS 1 BUFFER_POOL DEFAULT FLASH_CACHE DEFAULT CELL_FLASH_CACHE DEFAULT)
  TABLESPACE "SYSTEM"  ENABLE;
  ALTER TABLE "PE"."DESCRIPTION" MODIFY ("ID_DESCRIPTION" NOT NULL ENABLE);
--------------------------------------------------------
--  Constraints for Table EMPLOYEE
--------------------------------------------------------

  ALTER TABLE "PE"."EMPLOYEE" ADD PRIMARY KEY ("ID_EMPLOYEE")
  USING INDEX PCTFREE 10 INITRANS 2 MAXTRANS 255 
  STORAGE(INITIAL 65536 NEXT 1048576 MINEXTENTS 1 MAXEXTENTS 2147483645
  PCTINCREASE 0 FREELISTS 1 FREELIST GROUPS 1 BUFFER_POOL DEFAULT FLASH_CACHE DEFAULT CELL_FLASH_CACHE DEFAULT)
  TABLESPACE "SYSTEM"  ENABLE;
  ALTER TABLE "PE"."EMPLOYEE" MODIFY ("ID_EMPLOYEE" NOT NULL ENABLE);
--------------------------------------------------------
--  Constraints for Table HOLIDAYS
--------------------------------------------------------

  ALTER TABLE "PE"."HOLIDAYS" ADD PRIMARY KEY ("ID_HOLIDAY")
  USING INDEX PCTFREE 10 INITRANS 2 MAXTRANS 255 
  STORAGE(INITIAL 65536 NEXT 1048576 MINEXTENTS 1 MAXEXTENTS 2147483645
  PCTINCREASE 0 FREELISTS 1 FREELIST GROUPS 1 BUFFER_POOL DEFAULT FLASH_CACHE DEFAULT CELL_FLASH_CACHE DEFAULT)
  TABLESPACE "SYSTEM"  ENABLE;
  ALTER TABLE "PE"."HOLIDAYS" MODIFY ("ID_HOLIDAY" NOT NULL ENABLE);
--------------------------------------------------------
--  Constraints for Table LATENESS
--------------------------------------------------------

  ALTER TABLE "PE"."LATENESS" ADD PRIMARY KEY ("ID_LATENESS")
  USING INDEX PCTFREE 10 INITRANS 2 MAXTRANS 255 
  STORAGE(INITIAL 65536 NEXT 1048576 MINEXTENTS 1 MAXEXTENTS 2147483645
  PCTINCREASE 0 FREELISTS 1 FREELIST GROUPS 1 BUFFER_POOL DEFAULT FLASH_CACHE DEFAULT CELL_FLASH_CACHE DEFAULT)
  TABLESPACE "SYSTEM"  ENABLE;
  ALTER TABLE "PE"."LATENESS" MODIFY ("ID_LATENESS" NOT NULL ENABLE);
--------------------------------------------------------
--  Constraints for Table LM_SKILL
--------------------------------------------------------

  ALTER TABLE "PE"."LM_SKILL" ADD PRIMARY KEY ("ID_LMSKILL")
  USING INDEX PCTFREE 10 INITRANS 2 MAXTRANS 255 
  STORAGE(INITIAL 65536 NEXT 1048576 MINEXTENTS 1 MAXEXTENTS 2147483645
  PCTINCREASE 0 FREELISTS 1 FREELIST GROUPS 1 BUFFER_POOL DEFAULT FLASH_CACHE DEFAULT CELL_FLASH_CACHE DEFAULT)
  TABLESPACE "SYSTEM"  ENABLE;
  ALTER TABLE "PE"."LM_SKILL" MODIFY ("ID_LMSKILL" NOT NULL ENABLE);
--------------------------------------------------------
--  Constraints for Table LOCATION
--------------------------------------------------------

  ALTER TABLE "PE"."LOCATION" ADD PRIMARY KEY ("ID_LOCATION")
  USING INDEX PCTFREE 10 INITRANS 2 MAXTRANS 255 
  STORAGE(INITIAL 65536 NEXT 1048576 MINEXTENTS 1 MAXEXTENTS 2147483645
  PCTINCREASE 0 FREELISTS 1 FREELIST GROUPS 1 BUFFER_POOL DEFAULT FLASH_CACHE DEFAULT CELL_FLASH_CACHE DEFAULT)
  TABLESPACE "SYSTEM"  ENABLE;
  ALTER TABLE "PE"."LOCATION" MODIFY ("ID_LOCATION" NOT NULL ENABLE);
--------------------------------------------------------
--  Constraints for Table PE
--------------------------------------------------------

  ALTER TABLE "PE"."PE" ADD PRIMARY KEY ("ID_PE")
  USING INDEX PCTFREE 10 INITRANS 2 MAXTRANS 255 
  STORAGE(INITIAL 65536 NEXT 1048576 MINEXTENTS 1 MAXEXTENTS 2147483645
  PCTINCREASE 0 FREELISTS 1 FREELIST GROUPS 1 BUFFER_POOL DEFAULT FLASH_CACHE DEFAULT CELL_FLASH_CACHE DEFAULT)
  TABLESPACE "SYSTEM"  ENABLE;
  ALTER TABLE "PE"."PE" MODIFY ("ID_PE" NOT NULL ENABLE);
--------------------------------------------------------
--  Constraints for Table PERIOD
--------------------------------------------------------

  ALTER TABLE "PE"."PERIOD" ADD PRIMARY KEY ("ID_PERIOD")
  USING INDEX PCTFREE 10 INITRANS 2 MAXTRANS 255 
  STORAGE(INITIAL 65536 NEXT 1048576 MINEXTENTS 1 MAXEXTENTS 2147483645
  PCTINCREASE 0 FREELISTS 1 FREELIST GROUPS 1 BUFFER_POOL DEFAULT FLASH_CACHE DEFAULT CELL_FLASH_CACHE DEFAULT)
  TABLESPACE "SYSTEM"  ENABLE;
  ALTER TABLE "PE"."PERIOD" MODIFY ("ID_PERIOD" NOT NULL ENABLE);
--------------------------------------------------------
--  Constraints for Table PROFILE
--------------------------------------------------------

  ALTER TABLE "PE"."PROFILE" ADD PRIMARY KEY ("ID_PROFILE")
  USING INDEX PCTFREE 10 INITRANS 2 MAXTRANS 255 
  STORAGE(INITIAL 65536 NEXT 1048576 MINEXTENTS 1 MAXEXTENTS 2147483645
  PCTINCREASE 0 FREELISTS 1 FREELIST GROUPS 1 BUFFER_POOL DEFAULT FLASH_CACHE DEFAULT CELL_FLASH_CACHE DEFAULT)
  TABLESPACE "SYSTEM"  ENABLE;
  ALTER TABLE "PE"."PROFILE" MODIFY ("ID_PROFILE" NOT NULL ENABLE);
--------------------------------------------------------
--  Constraints for Table SCORE
--------------------------------------------------------

  ALTER TABLE "PE"."SCORE" ADD PRIMARY KEY ("ID_SCORE")
  USING INDEX PCTFREE 10 INITRANS 2 MAXTRANS 255 
  STORAGE(INITIAL 65536 NEXT 1048576 MINEXTENTS 1 MAXEXTENTS 2147483645
  PCTINCREASE 0 FREELISTS 1 FREELIST GROUPS 1 BUFFER_POOL DEFAULT FLASH_CACHE DEFAULT CELL_FLASH_CACHE DEFAULT)
  TABLESPACE "SYSTEM"  ENABLE;
  ALTER TABLE "PE"."SCORE" MODIFY ("ID_SCORE" NOT NULL ENABLE);
--------------------------------------------------------
--  Constraints for Table SKILL
--------------------------------------------------------

  ALTER TABLE "PE"."SKILL" ADD PRIMARY KEY ("ID_SKILL")
  USING INDEX PCTFREE 10 INITRANS 2 MAXTRANS 255 
  STORAGE(INITIAL 65536 NEXT 1048576 MINEXTENTS 1 MAXEXTENTS 2147483645
  PCTINCREASE 0 FREELISTS 1 FREELIST GROUPS 1 BUFFER_POOL DEFAULT FLASH_CACHE DEFAULT CELL_FLASH_CACHE DEFAULT)
  TABLESPACE "SYSTEM"  ENABLE;
  ALTER TABLE "PE"."SKILL" MODIFY ("ID_SKILL" NOT NULL ENABLE);
--------------------------------------------------------
--  Constraints for Table STATUS
--------------------------------------------------------

  ALTER TABLE "PE"."STATUS" ADD PRIMARY KEY ("ID_STATUS")
  USING INDEX PCTFREE 10 INITRANS 2 MAXTRANS 255 
  STORAGE(INITIAL 65536 NEXT 1048576 MINEXTENTS 1 MAXEXTENTS 2147483645
  PCTINCREASE 0 FREELISTS 1 FREELIST GROUPS 1 BUFFER_POOL DEFAULT FLASH_CACHE DEFAULT CELL_FLASH_CACHE DEFAULT)
  TABLESPACE "SYSTEM"  ENABLE;
  ALTER TABLE "PE"."STATUS" MODIFY ("ID_STATUS" NOT NULL ENABLE);
--------------------------------------------------------
--  Constraints for Table SUBTITLE
--------------------------------------------------------

  ALTER TABLE "PE"."SUBTITLE" ADD PRIMARY KEY ("ID_SUBTITLE")
  USING INDEX PCTFREE 10 INITRANS 2 MAXTRANS 255 
  STORAGE(INITIAL 65536 NEXT 1048576 MINEXTENTS 1 MAXEXTENTS 2147483645
  PCTINCREASE 0 FREELISTS 1 FREELIST GROUPS 1 BUFFER_POOL DEFAULT FLASH_CACHE DEFAULT CELL_FLASH_CACHE DEFAULT)
  TABLESPACE "SYSTEM"  ENABLE;
  ALTER TABLE "PE"."SUBTITLE" MODIFY ("ID_SUBTITLE" NOT NULL ENABLE);
--------------------------------------------------------
--  Constraints for Table TITLE
--------------------------------------------------------

  ALTER TABLE "PE"."TITLE" ADD PRIMARY KEY ("ID_TITLE")
  USING INDEX PCTFREE 10 INITRANS 2 MAXTRANS 255 
  STORAGE(INITIAL 65536 NEXT 1048576 MINEXTENTS 1 MAXEXTENTS 2147483645
  PCTINCREASE 0 FREELISTS 1 FREELIST GROUPS 1 BUFFER_POOL DEFAULT FLASH_CACHE DEFAULT CELL_FLASH_CACHE DEFAULT)
  TABLESPACE "SYSTEM"  ENABLE;
  ALTER TABLE "PE"."TITLE" MODIFY ("ID_TITLE" NOT NULL ENABLE);
--------------------------------------------------------
--  Constraints for Table VACATION_HEADER_REQ
--------------------------------------------------------

  ALTER TABLE "PE"."VACATION_HEADER_REQ" ADD PRIMARY KEY ("ID_HEADER_REQ")
  USING INDEX PCTFREE 10 INITRANS 2 MAXTRANS 255 
  STORAGE(INITIAL 65536 NEXT 1048576 MINEXTENTS 1 MAXEXTENTS 2147483645
  PCTINCREASE 0 FREELISTS 1 FREELIST GROUPS 1 BUFFER_POOL DEFAULT FLASH_CACHE DEFAULT CELL_FLASH_CACHE DEFAULT)
  TABLESPACE "SYSTEM"  ENABLE;
  ALTER TABLE "PE"."VACATION_HEADER_REQ" MODIFY ("ID_HEADER_REQ" NOT NULL ENABLE);
--------------------------------------------------------
--  Constraints for Table VACATION_REQ_STATUS
--------------------------------------------------------

  ALTER TABLE "PE"."VACATION_REQ_STATUS" ADD PRIMARY KEY ("ID_REQ_STATUS")
  USING INDEX PCTFREE 10 INITRANS 2 MAXTRANS 255 
  STORAGE(INITIAL 65536 NEXT 1048576 MINEXTENTS 1 MAXEXTENTS 2147483645
  PCTINCREASE 0 FREELISTS 1 FREELIST GROUPS 1 BUFFER_POOL DEFAULT FLASH_CACHE DEFAULT CELL_FLASH_CACHE DEFAULT)
  TABLESPACE "SYSTEM"  ENABLE;
  ALTER TABLE "PE"."VACATION_REQ_STATUS" MODIFY ("ID_REQ_STATUS" NOT NULL ENABLE);
--------------------------------------------------------
--  Constraints for Table VACATION_SUBREQ
--------------------------------------------------------

  ALTER TABLE "PE"."VACATION_SUBREQ" MODIFY ("DATE_CREATED" NOT NULL ENABLE);
  ALTER TABLE "PE"."VACATION_SUBREQ" ADD PRIMARY KEY ("ID_SUBREQ")
  USING INDEX PCTFREE 10 INITRANS 2 MAXTRANS 255 
  STORAGE(INITIAL 65536 NEXT 1048576 MINEXTENTS 1 MAXEXTENTS 2147483645
  PCTINCREASE 0 FREELISTS 1 FREELIST GROUPS 1 BUFFER_POOL DEFAULT FLASH_CACHE DEFAULT CELL_FLASH_CACHE DEFAULT)
  TABLESPACE "SYSTEM"  ENABLE;
  ALTER TABLE "PE"."VACATION_SUBREQ" MODIFY ("ID_SUBREQ" NOT NULL ENABLE);
      
      
      
      
      
      
      
      
      
      
      
      
      
      
      
      
      
      
      
      
      
 